I:\NARUTO PROJECT\Re Build\dlc.cpk_unpacked\data\ui\name\s_name\spa\name_rmdd_s.xfbin, \data\ui\name\s_name\spa\name_rmdd_s.xfbin, 0, Uncompress
I:\NARUTO PROJECT\Re Build\dlc.cpk_unpacked\data\ui\name\s_name\rus\name_rmdd_s.xfbin, \data\ui\name\s_name\rus\name_rmdd_s.xfbin, 1, Uncompress
I:\NARUTO PROJECT\Re Build\dlc.cpk_unpacked\data\ui\name\s_name\ita\name_rmdd_s.xfbin, \data\ui\name\s_name\ita\name_rmdd_s.xfbin, 2, Uncompress
I:\NARUTO PROJECT\Re Build\dlc.cpk_unpacked\data\ui\name\s_name\ger\name_rmdd_s.xfbin, \data\ui\name\s_name\ger\name_rmdd_s.xfbin, 3, Uncompress
I:\NARUTO PROJECT\Re Build\dlc.cpk_unpacked\data\ui\name\s_name\fre\name_rmdd_s.xfbin, \data\ui\name\s_name\fre\name_rmdd_s.xfbin, 4, Uncompress
I:\NARUTO PROJECT\Re Build\dlc.cpk_unpacked\data\ui\name\s_name\eng\name_rmdd_s.xfbin, \data\ui\name\s_name\eng\name_rmdd_s.xfbin, 5, Uncompress
I:\NARUTO PROJECT\Re Build\dlc.cpk_unpacked\data\ui\name\m_name\spa\name_1nra_m.xfbin, \data\ui\name\m_name\spa\name_1nra_m.xfbin, 6, Uncompress
I:\NARUTO PROJECT\Re Build\dlc.cpk_unpacked\data\ui\name\m_name\spa\name_22rt_m.xfbin, \data\ui\name\m_name\spa\name_22rt_m.xfbin, 7, Uncompress
I:\NARUTO PROJECT\Re Build\dlc.cpk_unpacked\data\ui\name\m_name\spa\name_2ddx_m.xfbin, \data\ui\name\m_name\spa\name_2ddx_m.xfbin, 8, Uncompress
I:\NARUTO PROJECT\Re Build\dlc.cpk_unpacked\data\ui\name\m_name\spa\name_2kza_m.xfbin, \data\ui\name\m_name\spa\name_2kza_m.xfbin, 9, Uncompress
I:\NARUTO PROJECT\Re Build\dlc.cpk_unpacked\data\ui\name\m_name\spa\name_2kzb_m.xfbin, \data\ui\name\m_name\spa\name_2kzb_m.xfbin, 10, Uncompress
I:\NARUTO PROJECT\Re Build\dlc.cpk_unpacked\data\ui\name\m_name\spa\name_2kzc_m.xfbin, \data\ui\name\m_name\spa\name_2kzc_m.xfbin, 11, Uncompress
I:\NARUTO PROJECT\Re Build\dlc.cpk_unpacked\data\ui\name\m_name\spa\name_2nra_m.xfbin, \data\ui\name\m_name\spa\name_2nra_m.xfbin, 12, Uncompress
I:\NARUTO PROJECT\Re Build\dlc.cpk_unpacked\data\ui\name\m_name\spa\name_2nrz_m.xfbin, \data\ui\name\m_name\spa\name_2nrz_m.xfbin, 13, Uncompress
I:\NARUTO PROJECT\Re Build\dlc.cpk_unpacked\data\ui\name\m_name\spa\name_3cyb_m.xfbin, \data\ui\name\m_name\spa\name_3cyb_m.xfbin, 14, Uncompress
I:\NARUTO PROJECT\Re Build\dlc.cpk_unpacked\data\ui\name\m_name\spa\name_3nrz_m.xfbin, \data\ui\name\m_name\spa\name_3nrz_m.xfbin, 15, Uncompress
I:\NARUTO PROJECT\Re Build\dlc.cpk_unpacked\data\ui\name\m_name\spa\name_3ssy_m.xfbin, \data\ui\name\m_name\spa\name_3ssy_m.xfbin, 16, Uncompress
I:\NARUTO PROJECT\Re Build\dlc.cpk_unpacked\data\ui\name\m_name\spa\name_bmrt_m.xfbin, \data\ui\name\m_name\spa\name_bmrt_m.xfbin, 17, Uncompress
I:\NARUTO PROJECT\Re Build\dlc.cpk_unpacked\data\ui\name\m_name\spa\name_dddk_m.xfbin, \data\ui\name\m_name\spa\name_dddk_m.xfbin, 18, Uncompress
I:\NARUTO PROJECT\Re Build\dlc.cpk_unpacked\data\ui\name\m_name\spa\name_ddnk_m.xfbin, \data\ui\name\m_name\spa\name_ddnk_m.xfbin, 19, Uncompress
I:\NARUTO PROJECT\Re Build\dlc.cpk_unpacked\data\ui\name\m_name\spa\name_dgak_m.xfbin, \data\ui\name\m_name\spa\name_dgak_m.xfbin, 20, Uncompress
I:\NARUTO PROJECT\Re Build\dlc.cpk_unpacked\data\ui\name\m_name\spa\name_dhne_m.xfbin, \data\ui\name\m_name\spa\name_dhne_m.xfbin, 21, Uncompress
I:\NARUTO PROJECT\Re Build\dlc.cpk_unpacked\data\ui\name\m_name\spa\name_dhng_m.xfbin, \data\ui\name\m_name\spa\name_dhng_m.xfbin, 22, Uncompress
I:\NARUTO PROJECT\Re Build\dlc.cpk_unpacked\data\ui\name\m_name\spa\name_dhnm_m.xfbin, \data\ui\name\m_name\spa\name_dhnm_m.xfbin, 23, Uncompress
I:\NARUTO PROJECT\Re Build\dlc.cpk_unpacked\data\ui\name\m_name\spa\name_ding_m.xfbin, \data\ui\name\m_name\spa\name_ding_m.xfbin, 24, Uncompress
I:\NARUTO PROJECT\Re Build\dlc.cpk_unpacked\data\ui\name\m_name\spa\name_dinm_m.xfbin, \data\ui\name\m_name\spa\name_dinm_m.xfbin, 25, Uncompress
I:\NARUTO PROJECT\Re Build\dlc.cpk_unpacked\data\ui\name\m_name\spa\name_dita_m.xfbin, \data\ui\name\m_name\spa\name_dita_m.xfbin, 26, Uncompress
I:\NARUTO PROJECT\Re Build\dlc.cpk_unpacked\data\ui\name\m_name\spa\name_ditk_m.xfbin, \data\ui\name\m_name\spa\name_ditk_m.xfbin, 27, Uncompress
I:\NARUTO PROJECT\Re Build\dlc.cpk_unpacked\data\ui\name\m_name\spa\name_djrs_m.xfbin, \data\ui\name\m_name\spa\name_djrs_m.xfbin, 28, Uncompress
I:\NARUTO PROJECT\Re Build\dlc.cpk_unpacked\data\ui\name\m_name\spa\name_dkka_m.xfbin, \data\ui\name\m_name\spa\name_dkka_m.xfbin, 29, Uncompress
I:\NARUTO PROJECT\Re Build\dlc.cpk_unpacked\data\ui\name\m_name\spa\name_dkkg_m.xfbin, \data\ui\name\m_name\spa\name_dkkg_m.xfbin, 30, Uncompress
I:\NARUTO PROJECT\Re Build\dlc.cpk_unpacked\data\ui\name\m_name\spa\name_dksk_m.xfbin, \data\ui\name\m_name\spa\name_dksk_m.xfbin, 31, Uncompress
I:\NARUTO PROJECT\Re Build\dlc.cpk_unpacked\data\ui\name\m_name\spa\name_dmdr_m.xfbin, \data\ui\name\m_name\spa\name_dmdr_m.xfbin, 32, Uncompress
I:\NARUTO PROJECT\Re Build\dlc.cpk_unpacked\data\ui\name\m_name\spa\name_dmkk_m.xfbin, \data\ui\name\m_name\spa\name_dmkk_m.xfbin, 33, Uncompress
I:\NARUTO PROJECT\Re Build\dlc.cpk_unpacked\data\ui\name\m_name\spa\name_dnra_m.xfbin, \data\ui\name\m_name\spa\name_dnra_m.xfbin, 34, Uncompress
I:\NARUTO PROJECT\Re Build\dlc.cpk_unpacked\data\ui\name\m_name\spa\name_dnrb_m.xfbin, \data\ui\name\m_name\spa\name_dnrb_m.xfbin, 35, Uncompress
I:\NARUTO PROJECT\Re Build\dlc.cpk_unpacked\data\ui\name\m_name\spa\name_dnrc_m.xfbin, \data\ui\name\m_name\spa\name_dnrc_m.xfbin, 36, Uncompress
I:\NARUTO PROJECT\Re Build\dlc.cpk_unpacked\data\ui\name\m_name\spa\name_dnrg_m.xfbin, \data\ui\name\m_name\spa\name_dnrg_m.xfbin, 37, Uncompress
I:\NARUTO PROJECT\Re Build\dlc.cpk_unpacked\data\ui\name\m_name\spa\name_dnri_m.xfbin, \data\ui\name\m_name\spa\name_dnri_m.xfbin, 38, Uncompress
I:\NARUTO PROJECT\Re Build\dlc.cpk_unpacked\data\ui\name\m_name\spa\name_dnrk_m.xfbin, \data\ui\name\m_name\spa\name_dnrk_m.xfbin, 39, Uncompress
I:\NARUTO PROJECT\Re Build\dlc.cpk_unpacked\data\ui\name\m_name\spa\name_dnrl_m.xfbin, \data\ui\name\m_name\spa\name_dnrl_m.xfbin, 40, Uncompress
I:\NARUTO PROJECT\Re Build\dlc.cpk_unpacked\data\ui\name\m_name\spa\name_dnrm_m.xfbin, \data\ui\name\m_name\spa\name_dnrm_m.xfbin, 41, Uncompress
I:\NARUTO PROJECT\Re Build\dlc.cpk_unpacked\data\ui\name\m_name\spa\name_dnrp_m.xfbin, \data\ui\name\m_name\spa\name_dnrp_m.xfbin, 42, Uncompress
I:\NARUTO PROJECT\Re Build\dlc.cpk_unpacked\data\ui\name\m_name\spa\name_dnrr_m.xfbin, \data\ui\name\m_name\spa\name_dnrr_m.xfbin, 43, Uncompress
I:\NARUTO PROJECT\Re Build\dlc.cpk_unpacked\data\ui\name\m_name\spa\name_dors_m.xfbin, \data\ui\name\m_name\spa\name_dors_m.xfbin, 44, Uncompress
I:\NARUTO PROJECT\Re Build\dlc.cpk_unpacked\data\ui\name\m_name\spa\name_dpea_m.xfbin, \data\ui\name\m_name\spa\name_dpea_m.xfbin, 45, Uncompress
I:\NARUTO PROJECT\Re Build\dlc.cpk_unpacked\data\ui\name\m_name\spa\name_drkk_m.xfbin, \data\ui\name\m_name\spa\name_drkk_m.xfbin, 46, Uncompress
I:\NARUTO PROJECT\Re Build\dlc.cpk_unpacked\data\ui\name\m_name\spa\name_dskg_m.xfbin, \data\ui\name\m_name\spa\name_dskg_m.xfbin, 47, Uncompress
I:\NARUTO PROJECT\Re Build\dlc.cpk_unpacked\data\ui\name\m_name\spa\name_dskk_m.xfbin, \data\ui\name\m_name\spa\name_dskk_m.xfbin, 48, Uncompress
I:\NARUTO PROJECT\Re Build\dlc.cpk_unpacked\data\ui\name\m_name\spa\name_dskm_m.xfbin, \data\ui\name\m_name\spa\name_dskm_m.xfbin, 49, Uncompress
I:\NARUTO PROJECT\Re Build\dlc.cpk_unpacked\data\ui\name\m_name\spa\name_dsse_m.xfbin, \data\ui\name\m_name\spa\name_dsse_m.xfbin, 50, Uncompress
I:\NARUTO PROJECT\Re Build\dlc.cpk_unpacked\data\ui\name\m_name\spa\name_dssg_m.xfbin, \data\ui\name\m_name\spa\name_dssg_m.xfbin, 51, Uncompress
I:\NARUTO PROJECT\Re Build\dlc.cpk_unpacked\data\ui\name\m_name\spa\name_dssn_m.xfbin, \data\ui\name\m_name\spa\name_dssn_m.xfbin, 52, Uncompress
I:\NARUTO PROJECT\Re Build\dlc.cpk_unpacked\data\ui\name\m_name\spa\name_dssr_m.xfbin, \data\ui\name\m_name\spa\name_dssr_m.xfbin, 53, Uncompress
I:\NARUTO PROJECT\Re Build\dlc.cpk_unpacked\data\ui\name\m_name\spa\name_dtkk_m.xfbin, \data\ui\name\m_name\spa\name_dtkk_m.xfbin, 54, Uncompress
I:\NARUTO PROJECT\Re Build\dlc.cpk_unpacked\data\ui\name\m_name\spa\name_dtmm_m.xfbin, \data\ui\name\m_name\spa\name_dtmm_m.xfbin, 55, Uncompress
I:\NARUTO PROJECT\Re Build\dlc.cpk_unpacked\data\ui\name\m_name\spa\name_dtnm_m.xfbin, \data\ui\name\m_name\spa\name_dtnm_m.xfbin, 56, Uncompress
I:\NARUTO PROJECT\Re Build\dlc.cpk_unpacked\data\ui\name\m_name\spa\name_dtns_m.xfbin, \data\ui\name\m_name\spa\name_dtns_m.xfbin, 57, Uncompress
I:\NARUTO PROJECT\Re Build\dlc.cpk_unpacked\data\ui\name\m_name\spa\name_dyma_m.xfbin, \data\ui\name\m_name\spa\name_dyma_m.xfbin, 58, Uncompress
I:\NARUTO PROJECT\Re Build\dlc.cpk_unpacked\data\ui\name\m_name\spa\name_rhdn_m.xfbin, \data\ui\name\m_name\spa\name_rhdn_m.xfbin, 59, Uncompress
I:\NARUTO PROJECT\Re Build\dlc.cpk_unpacked\data\ui\name\m_name\spa\name_rmdd_m.xfbin, \data\ui\name\m_name\spa\name_rmdd_m.xfbin, 60, Uncompress
I:\NARUTO PROJECT\Re Build\dlc.cpk_unpacked\data\ui\name\m_name\rus\name_22rt_m.xfbin, \data\ui\name\m_name\rus\name_22rt_m.xfbin, 61, Uncompress
I:\NARUTO PROJECT\Re Build\dlc.cpk_unpacked\data\ui\name\m_name\rus\name_dddk_m.xfbin, \data\ui\name\m_name\rus\name_dddk_m.xfbin, 62, Uncompress
I:\NARUTO PROJECT\Re Build\dlc.cpk_unpacked\data\ui\name\m_name\rus\name_ddnk_m.xfbin, \data\ui\name\m_name\rus\name_ddnk_m.xfbin, 63, Uncompress
I:\NARUTO PROJECT\Re Build\dlc.cpk_unpacked\data\ui\name\m_name\rus\name_dgak_m.xfbin, \data\ui\name\m_name\rus\name_dgak_m.xfbin, 64, Uncompress
I:\NARUTO PROJECT\Re Build\dlc.cpk_unpacked\data\ui\name\m_name\rus\name_dhne_m.xfbin, \data\ui\name\m_name\rus\name_dhne_m.xfbin, 65, Uncompress
I:\NARUTO PROJECT\Re Build\dlc.cpk_unpacked\data\ui\name\m_name\rus\name_dhng_m.xfbin, \data\ui\name\m_name\rus\name_dhng_m.xfbin, 66, Uncompress
I:\NARUTO PROJECT\Re Build\dlc.cpk_unpacked\data\ui\name\m_name\rus\name_dhnm_m.xfbin, \data\ui\name\m_name\rus\name_dhnm_m.xfbin, 67, Uncompress
I:\NARUTO PROJECT\Re Build\dlc.cpk_unpacked\data\ui\name\m_name\rus\name_ding_m.xfbin, \data\ui\name\m_name\rus\name_ding_m.xfbin, 68, Uncompress
I:\NARUTO PROJECT\Re Build\dlc.cpk_unpacked\data\ui\name\m_name\rus\name_dinm_m.xfbin, \data\ui\name\m_name\rus\name_dinm_m.xfbin, 69, Uncompress
I:\NARUTO PROJECT\Re Build\dlc.cpk_unpacked\data\ui\name\m_name\rus\name_dita_m.xfbin, \data\ui\name\m_name\rus\name_dita_m.xfbin, 70, Uncompress
I:\NARUTO PROJECT\Re Build\dlc.cpk_unpacked\data\ui\name\m_name\rus\name_ditk_m.xfbin, \data\ui\name\m_name\rus\name_ditk_m.xfbin, 71, Uncompress
I:\NARUTO PROJECT\Re Build\dlc.cpk_unpacked\data\ui\name\m_name\rus\name_djrs_m.xfbin, \data\ui\name\m_name\rus\name_djrs_m.xfbin, 72, Uncompress
I:\NARUTO PROJECT\Re Build\dlc.cpk_unpacked\data\ui\name\m_name\rus\name_dkka_m.xfbin, \data\ui\name\m_name\rus\name_dkka_m.xfbin, 73, Uncompress
I:\NARUTO PROJECT\Re Build\dlc.cpk_unpacked\data\ui\name\m_name\rus\name_dkkg_m.xfbin, \data\ui\name\m_name\rus\name_dkkg_m.xfbin, 74, Uncompress
I:\NARUTO PROJECT\Re Build\dlc.cpk_unpacked\data\ui\name\m_name\rus\name_dksk_m.xfbin, \data\ui\name\m_name\rus\name_dksk_m.xfbin, 75, Uncompress
I:\NARUTO PROJECT\Re Build\dlc.cpk_unpacked\data\ui\name\m_name\rus\name_dmdr_m.xfbin, \data\ui\name\m_name\rus\name_dmdr_m.xfbin, 76, Uncompress
I:\NARUTO PROJECT\Re Build\dlc.cpk_unpacked\data\ui\name\m_name\rus\name_dmkk_m.xfbin, \data\ui\name\m_name\rus\name_dmkk_m.xfbin, 77, Uncompress
I:\NARUTO PROJECT\Re Build\dlc.cpk_unpacked\data\ui\name\m_name\rus\name_dnra_m.xfbin, \data\ui\name\m_name\rus\name_dnra_m.xfbin, 78, Uncompress
I:\NARUTO PROJECT\Re Build\dlc.cpk_unpacked\data\ui\name\m_name\rus\name_dnrb_m.xfbin, \data\ui\name\m_name\rus\name_dnrb_m.xfbin, 79, Uncompress
I:\NARUTO PROJECT\Re Build\dlc.cpk_unpacked\data\ui\name\m_name\rus\name_dnrc_m.xfbin, \data\ui\name\m_name\rus\name_dnrc_m.xfbin, 80, Uncompress
I:\NARUTO PROJECT\Re Build\dlc.cpk_unpacked\data\ui\name\m_name\rus\name_dnrg_m.xfbin, \data\ui\name\m_name\rus\name_dnrg_m.xfbin, 81, Uncompress
I:\NARUTO PROJECT\Re Build\dlc.cpk_unpacked\data\ui\name\m_name\rus\name_dnri_m.xfbin, \data\ui\name\m_name\rus\name_dnri_m.xfbin, 82, Uncompress
I:\NARUTO PROJECT\Re Build\dlc.cpk_unpacked\data\ui\name\m_name\rus\name_dnrk_m.xfbin, \data\ui\name\m_name\rus\name_dnrk_m.xfbin, 83, Uncompress
I:\NARUTO PROJECT\Re Build\dlc.cpk_unpacked\data\ui\name\m_name\rus\name_dnrl_m.xfbin, \data\ui\name\m_name\rus\name_dnrl_m.xfbin, 84, Uncompress
I:\NARUTO PROJECT\Re Build\dlc.cpk_unpacked\data\ui\name\m_name\rus\name_dnrm_m.xfbin, \data\ui\name\m_name\rus\name_dnrm_m.xfbin, 85, Uncompress
I:\NARUTO PROJECT\Re Build\dlc.cpk_unpacked\data\ui\name\m_name\rus\name_dnrp_m.xfbin, \data\ui\name\m_name\rus\name_dnrp_m.xfbin, 86, Uncompress
I:\NARUTO PROJECT\Re Build\dlc.cpk_unpacked\data\ui\name\m_name\rus\name_dnrr_m.xfbin, \data\ui\name\m_name\rus\name_dnrr_m.xfbin, 87, Uncompress
I:\NARUTO PROJECT\Re Build\dlc.cpk_unpacked\data\ui\name\m_name\rus\name_dors_m.xfbin, \data\ui\name\m_name\rus\name_dors_m.xfbin, 88, Uncompress
I:\NARUTO PROJECT\Re Build\dlc.cpk_unpacked\data\ui\name\m_name\rus\name_dpea_m.xfbin, \data\ui\name\m_name\rus\name_dpea_m.xfbin, 89, Uncompress
I:\NARUTO PROJECT\Re Build\dlc.cpk_unpacked\data\ui\name\m_name\rus\name_drkk_m.xfbin, \data\ui\name\m_name\rus\name_drkk_m.xfbin, 90, Uncompress
I:\NARUTO PROJECT\Re Build\dlc.cpk_unpacked\data\ui\name\m_name\rus\name_dskg_m.xfbin, \data\ui\name\m_name\rus\name_dskg_m.xfbin, 91, Uncompress
I:\NARUTO PROJECT\Re Build\dlc.cpk_unpacked\data\ui\name\m_name\rus\name_dskk_m.xfbin, \data\ui\name\m_name\rus\name_dskk_m.xfbin, 92, Uncompress
I:\NARUTO PROJECT\Re Build\dlc.cpk_unpacked\data\ui\name\m_name\rus\name_dskm_m.xfbin, \data\ui\name\m_name\rus\name_dskm_m.xfbin, 93, Uncompress
I:\NARUTO PROJECT\Re Build\dlc.cpk_unpacked\data\ui\name\m_name\rus\name_dsse_m.xfbin, \data\ui\name\m_name\rus\name_dsse_m.xfbin, 94, Uncompress
I:\NARUTO PROJECT\Re Build\dlc.cpk_unpacked\data\ui\name\m_name\rus\name_dssg_m.xfbin, \data\ui\name\m_name\rus\name_dssg_m.xfbin, 95, Uncompress
I:\NARUTO PROJECT\Re Build\dlc.cpk_unpacked\data\ui\name\m_name\rus\name_dssn_m.xfbin, \data\ui\name\m_name\rus\name_dssn_m.xfbin, 96, Uncompress
I:\NARUTO PROJECT\Re Build\dlc.cpk_unpacked\data\ui\name\m_name\rus\name_dssr_m.xfbin, \data\ui\name\m_name\rus\name_dssr_m.xfbin, 97, Uncompress
I:\NARUTO PROJECT\Re Build\dlc.cpk_unpacked\data\ui\name\m_name\rus\name_dtkk_m.xfbin, \data\ui\name\m_name\rus\name_dtkk_m.xfbin, 98, Uncompress
I:\NARUTO PROJECT\Re Build\dlc.cpk_unpacked\data\ui\name\m_name\rus\name_dtmm_m.xfbin, \data\ui\name\m_name\rus\name_dtmm_m.xfbin, 99, Uncompress
I:\NARUTO PROJECT\Re Build\dlc.cpk_unpacked\data\ui\name\m_name\rus\name_dtnm_m.xfbin, \data\ui\name\m_name\rus\name_dtnm_m.xfbin, 100, Uncompress
I:\NARUTO PROJECT\Re Build\dlc.cpk_unpacked\data\ui\name\m_name\rus\name_dtns_m.xfbin, \data\ui\name\m_name\rus\name_dtns_m.xfbin, 101, Uncompress
I:\NARUTO PROJECT\Re Build\dlc.cpk_unpacked\data\ui\name\m_name\rus\name_dyma_m.xfbin, \data\ui\name\m_name\rus\name_dyma_m.xfbin, 102, Uncompress
I:\NARUTO PROJECT\Re Build\dlc.cpk_unpacked\data\ui\name\m_name\rus\name_rhdn_m.xfbin, \data\ui\name\m_name\rus\name_rhdn_m.xfbin, 103, Uncompress
I:\NARUTO PROJECT\Re Build\dlc.cpk_unpacked\data\ui\name\m_name\rus\name_rmdd_l.xfbin, \data\ui\name\m_name\rus\name_rmdd_l.xfbin, 104, Uncompress
I:\NARUTO PROJECT\Re Build\dlc.cpk_unpacked\data\ui\name\m_name\ita\name_1nra_m.xfbin, \data\ui\name\m_name\ita\name_1nra_m.xfbin, 105, Uncompress
I:\NARUTO PROJECT\Re Build\dlc.cpk_unpacked\data\ui\name\m_name\ita\name_22rt_m.xfbin, \data\ui\name\m_name\ita\name_22rt_m.xfbin, 106, Uncompress
I:\NARUTO PROJECT\Re Build\dlc.cpk_unpacked\data\ui\name\m_name\ita\name_2ddx_m.xfbin, \data\ui\name\m_name\ita\name_2ddx_m.xfbin, 107, Uncompress
I:\NARUTO PROJECT\Re Build\dlc.cpk_unpacked\data\ui\name\m_name\ita\name_2kza_m.xfbin, \data\ui\name\m_name\ita\name_2kza_m.xfbin, 108, Uncompress
I:\NARUTO PROJECT\Re Build\dlc.cpk_unpacked\data\ui\name\m_name\ita\name_2kzb_m.xfbin, \data\ui\name\m_name\ita\name_2kzb_m.xfbin, 109, Uncompress
I:\NARUTO PROJECT\Re Build\dlc.cpk_unpacked\data\ui\name\m_name\ita\name_2kzc_m.xfbin, \data\ui\name\m_name\ita\name_2kzc_m.xfbin, 110, Uncompress
I:\NARUTO PROJECT\Re Build\dlc.cpk_unpacked\data\ui\name\m_name\ita\name_2nra_m.xfbin, \data\ui\name\m_name\ita\name_2nra_m.xfbin, 111, Uncompress
I:\NARUTO PROJECT\Re Build\dlc.cpk_unpacked\data\ui\name\m_name\ita\name_2nrz_m.xfbin, \data\ui\name\m_name\ita\name_2nrz_m.xfbin, 112, Uncompress
I:\NARUTO PROJECT\Re Build\dlc.cpk_unpacked\data\ui\name\m_name\ita\name_3cyb_m.xfbin, \data\ui\name\m_name\ita\name_3cyb_m.xfbin, 113, Uncompress
I:\NARUTO PROJECT\Re Build\dlc.cpk_unpacked\data\ui\name\m_name\ita\name_3nrz_m.xfbin, \data\ui\name\m_name\ita\name_3nrz_m.xfbin, 114, Uncompress
I:\NARUTO PROJECT\Re Build\dlc.cpk_unpacked\data\ui\name\m_name\ita\name_3ssy_m.xfbin, \data\ui\name\m_name\ita\name_3ssy_m.xfbin, 115, Uncompress
I:\NARUTO PROJECT\Re Build\dlc.cpk_unpacked\data\ui\name\m_name\ita\name_bmrt_m.xfbin, \data\ui\name\m_name\ita\name_bmrt_m.xfbin, 116, Uncompress
I:\NARUTO PROJECT\Re Build\dlc.cpk_unpacked\data\ui\name\m_name\ita\name_dddk_m.xfbin, \data\ui\name\m_name\ita\name_dddk_m.xfbin, 117, Uncompress
I:\NARUTO PROJECT\Re Build\dlc.cpk_unpacked\data\ui\name\m_name\ita\name_ddnk_m.xfbin, \data\ui\name\m_name\ita\name_ddnk_m.xfbin, 118, Uncompress
I:\NARUTO PROJECT\Re Build\dlc.cpk_unpacked\data\ui\name\m_name\ita\name_dgak_m.xfbin, \data\ui\name\m_name\ita\name_dgak_m.xfbin, 119, Uncompress
I:\NARUTO PROJECT\Re Build\dlc.cpk_unpacked\data\ui\name\m_name\ita\name_dhne_m.xfbin, \data\ui\name\m_name\ita\name_dhne_m.xfbin, 120, Uncompress
I:\NARUTO PROJECT\Re Build\dlc.cpk_unpacked\data\ui\name\m_name\ita\name_dhng_m.xfbin, \data\ui\name\m_name\ita\name_dhng_m.xfbin, 121, Uncompress
I:\NARUTO PROJECT\Re Build\dlc.cpk_unpacked\data\ui\name\m_name\ita\name_dhnm_m.xfbin, \data\ui\name\m_name\ita\name_dhnm_m.xfbin, 122, Uncompress
I:\NARUTO PROJECT\Re Build\dlc.cpk_unpacked\data\ui\name\m_name\ita\name_ding_m.xfbin, \data\ui\name\m_name\ita\name_ding_m.xfbin, 123, Uncompress
I:\NARUTO PROJECT\Re Build\dlc.cpk_unpacked\data\ui\name\m_name\ita\name_dinm_m.xfbin, \data\ui\name\m_name\ita\name_dinm_m.xfbin, 124, Uncompress
I:\NARUTO PROJECT\Re Build\dlc.cpk_unpacked\data\ui\name\m_name\ita\name_dita_m.xfbin, \data\ui\name\m_name\ita\name_dita_m.xfbin, 125, Uncompress
I:\NARUTO PROJECT\Re Build\dlc.cpk_unpacked\data\ui\name\m_name\ita\name_ditk_m.xfbin, \data\ui\name\m_name\ita\name_ditk_m.xfbin, 126, Uncompress
I:\NARUTO PROJECT\Re Build\dlc.cpk_unpacked\data\ui\name\m_name\ita\name_djrs_m.xfbin, \data\ui\name\m_name\ita\name_djrs_m.xfbin, 127, Uncompress
I:\NARUTO PROJECT\Re Build\dlc.cpk_unpacked\data\ui\name\m_name\ita\name_dkka_m.xfbin, \data\ui\name\m_name\ita\name_dkka_m.xfbin, 128, Uncompress
I:\NARUTO PROJECT\Re Build\dlc.cpk_unpacked\data\ui\name\m_name\ita\name_dkkg_m.xfbin, \data\ui\name\m_name\ita\name_dkkg_m.xfbin, 129, Uncompress
I:\NARUTO PROJECT\Re Build\dlc.cpk_unpacked\data\ui\name\m_name\ita\name_dksk_m.xfbin, \data\ui\name\m_name\ita\name_dksk_m.xfbin, 130, Uncompress
I:\NARUTO PROJECT\Re Build\dlc.cpk_unpacked\data\ui\name\m_name\ita\name_dmdr_m.xfbin, \data\ui\name\m_name\ita\name_dmdr_m.xfbin, 131, Uncompress
I:\NARUTO PROJECT\Re Build\dlc.cpk_unpacked\data\ui\name\m_name\ita\name_dmkk_m.xfbin, \data\ui\name\m_name\ita\name_dmkk_m.xfbin, 132, Uncompress
I:\NARUTO PROJECT\Re Build\dlc.cpk_unpacked\data\ui\name\m_name\ita\name_dnra_m.xfbin, \data\ui\name\m_name\ita\name_dnra_m.xfbin, 133, Uncompress
I:\NARUTO PROJECT\Re Build\dlc.cpk_unpacked\data\ui\name\m_name\ita\name_dnrb_m.xfbin, \data\ui\name\m_name\ita\name_dnrb_m.xfbin, 134, Uncompress
I:\NARUTO PROJECT\Re Build\dlc.cpk_unpacked\data\ui\name\m_name\ita\name_dnrc_m.xfbin, \data\ui\name\m_name\ita\name_dnrc_m.xfbin, 135, Uncompress
I:\NARUTO PROJECT\Re Build\dlc.cpk_unpacked\data\ui\name\m_name\ita\name_dnrg_m.xfbin, \data\ui\name\m_name\ita\name_dnrg_m.xfbin, 136, Uncompress
I:\NARUTO PROJECT\Re Build\dlc.cpk_unpacked\data\ui\name\m_name\ita\name_dnri_m.xfbin, \data\ui\name\m_name\ita\name_dnri_m.xfbin, 137, Uncompress
I:\NARUTO PROJECT\Re Build\dlc.cpk_unpacked\data\ui\name\m_name\ita\name_dnrk_m.xfbin, \data\ui\name\m_name\ita\name_dnrk_m.xfbin, 138, Uncompress
I:\NARUTO PROJECT\Re Build\dlc.cpk_unpacked\data\ui\name\m_name\ita\name_dnrl_m.xfbin, \data\ui\name\m_name\ita\name_dnrl_m.xfbin, 139, Uncompress
I:\NARUTO PROJECT\Re Build\dlc.cpk_unpacked\data\ui\name\m_name\ita\name_dnrm_m.xfbin, \data\ui\name\m_name\ita\name_dnrm_m.xfbin, 140, Uncompress
I:\NARUTO PROJECT\Re Build\dlc.cpk_unpacked\data\ui\name\m_name\ita\name_dnrp_m.xfbin, \data\ui\name\m_name\ita\name_dnrp_m.xfbin, 141, Uncompress
I:\NARUTO PROJECT\Re Build\dlc.cpk_unpacked\data\ui\name\m_name\ita\name_dnrr_m.xfbin, \data\ui\name\m_name\ita\name_dnrr_m.xfbin, 142, Uncompress
I:\NARUTO PROJECT\Re Build\dlc.cpk_unpacked\data\ui\name\m_name\ita\name_dors_m.xfbin, \data\ui\name\m_name\ita\name_dors_m.xfbin, 143, Uncompress
I:\NARUTO PROJECT\Re Build\dlc.cpk_unpacked\data\ui\name\m_name\ita\name_dpea_m.xfbin, \data\ui\name\m_name\ita\name_dpea_m.xfbin, 144, Uncompress
I:\NARUTO PROJECT\Re Build\dlc.cpk_unpacked\data\ui\name\m_name\ita\name_drkk_m.xfbin, \data\ui\name\m_name\ita\name_drkk_m.xfbin, 145, Uncompress
I:\NARUTO PROJECT\Re Build\dlc.cpk_unpacked\data\ui\name\m_name\ita\name_dskg_m.xfbin, \data\ui\name\m_name\ita\name_dskg_m.xfbin, 146, Uncompress
I:\NARUTO PROJECT\Re Build\dlc.cpk_unpacked\data\ui\name\m_name\ita\name_dskk_m.xfbin, \data\ui\name\m_name\ita\name_dskk_m.xfbin, 147, Uncompress
I:\NARUTO PROJECT\Re Build\dlc.cpk_unpacked\data\ui\name\m_name\ita\name_dskm_m.xfbin, \data\ui\name\m_name\ita\name_dskm_m.xfbin, 148, Uncompress
I:\NARUTO PROJECT\Re Build\dlc.cpk_unpacked\data\ui\name\m_name\ita\name_dsse_m.xfbin, \data\ui\name\m_name\ita\name_dsse_m.xfbin, 149, Uncompress
I:\NARUTO PROJECT\Re Build\dlc.cpk_unpacked\data\ui\name\m_name\ita\name_dssg_m.xfbin, \data\ui\name\m_name\ita\name_dssg_m.xfbin, 150, Uncompress
I:\NARUTO PROJECT\Re Build\dlc.cpk_unpacked\data\ui\name\m_name\ita\name_dssn_m.xfbin, \data\ui\name\m_name\ita\name_dssn_m.xfbin, 151, Uncompress
I:\NARUTO PROJECT\Re Build\dlc.cpk_unpacked\data\ui\name\m_name\ita\name_dssr_m.xfbin, \data\ui\name\m_name\ita\name_dssr_m.xfbin, 152, Uncompress
I:\NARUTO PROJECT\Re Build\dlc.cpk_unpacked\data\ui\name\m_name\ita\name_dtkk_m.xfbin, \data\ui\name\m_name\ita\name_dtkk_m.xfbin, 153, Uncompress
I:\NARUTO PROJECT\Re Build\dlc.cpk_unpacked\data\ui\name\m_name\ita\name_dtmm_m.xfbin, \data\ui\name\m_name\ita\name_dtmm_m.xfbin, 154, Uncompress
I:\NARUTO PROJECT\Re Build\dlc.cpk_unpacked\data\ui\name\m_name\ita\name_dtnm_m.xfbin, \data\ui\name\m_name\ita\name_dtnm_m.xfbin, 155, Uncompress
I:\NARUTO PROJECT\Re Build\dlc.cpk_unpacked\data\ui\name\m_name\ita\name_dtns_m.xfbin, \data\ui\name\m_name\ita\name_dtns_m.xfbin, 156, Uncompress
I:\NARUTO PROJECT\Re Build\dlc.cpk_unpacked\data\ui\name\m_name\ita\name_dyma_m.xfbin, \data\ui\name\m_name\ita\name_dyma_m.xfbin, 157, Uncompress
I:\NARUTO PROJECT\Re Build\dlc.cpk_unpacked\data\ui\name\m_name\ita\name_rhdn_m.xfbin, \data\ui\name\m_name\ita\name_rhdn_m.xfbin, 158, Uncompress
I:\NARUTO PROJECT\Re Build\dlc.cpk_unpacked\data\ui\name\m_name\ita\name_rmdd_m.xfbin, \data\ui\name\m_name\ita\name_rmdd_m.xfbin, 159, Uncompress
I:\NARUTO PROJECT\Re Build\dlc.cpk_unpacked\data\ui\name\m_name\ger\name_1nra_m.xfbin, \data\ui\name\m_name\ger\name_1nra_m.xfbin, 160, Uncompress
I:\NARUTO PROJECT\Re Build\dlc.cpk_unpacked\data\ui\name\m_name\ger\name_22rt_m.xfbin, \data\ui\name\m_name\ger\name_22rt_m.xfbin, 161, Uncompress
I:\NARUTO PROJECT\Re Build\dlc.cpk_unpacked\data\ui\name\m_name\ger\name_2ddx_m.xfbin, \data\ui\name\m_name\ger\name_2ddx_m.xfbin, 162, Uncompress
I:\NARUTO PROJECT\Re Build\dlc.cpk_unpacked\data\ui\name\m_name\ger\name_2kza_m.xfbin, \data\ui\name\m_name\ger\name_2kza_m.xfbin, 163, Uncompress
I:\NARUTO PROJECT\Re Build\dlc.cpk_unpacked\data\ui\name\m_name\ger\name_2kzb_m.xfbin, \data\ui\name\m_name\ger\name_2kzb_m.xfbin, 164, Uncompress
I:\NARUTO PROJECT\Re Build\dlc.cpk_unpacked\data\ui\name\m_name\ger\name_2kzc_m.xfbin, \data\ui\name\m_name\ger\name_2kzc_m.xfbin, 165, Uncompress
I:\NARUTO PROJECT\Re Build\dlc.cpk_unpacked\data\ui\name\m_name\ger\name_2nra_m.xfbin, \data\ui\name\m_name\ger\name_2nra_m.xfbin, 166, Uncompress
I:\NARUTO PROJECT\Re Build\dlc.cpk_unpacked\data\ui\name\m_name\ger\name_2nrz_m.xfbin, \data\ui\name\m_name\ger\name_2nrz_m.xfbin, 167, Uncompress
I:\NARUTO PROJECT\Re Build\dlc.cpk_unpacked\data\ui\name\m_name\ger\name_3cyb_m.xfbin, \data\ui\name\m_name\ger\name_3cyb_m.xfbin, 168, Uncompress
I:\NARUTO PROJECT\Re Build\dlc.cpk_unpacked\data\ui\name\m_name\ger\name_3nrz_m.xfbin, \data\ui\name\m_name\ger\name_3nrz_m.xfbin, 169, Uncompress
I:\NARUTO PROJECT\Re Build\dlc.cpk_unpacked\data\ui\name\m_name\ger\name_3ssy_m.xfbin, \data\ui\name\m_name\ger\name_3ssy_m.xfbin, 170, Uncompress
I:\NARUTO PROJECT\Re Build\dlc.cpk_unpacked\data\ui\name\m_name\ger\name_bmrt_m.xfbin, \data\ui\name\m_name\ger\name_bmrt_m.xfbin, 171, Uncompress
I:\NARUTO PROJECT\Re Build\dlc.cpk_unpacked\data\ui\name\m_name\ger\name_dddk_m.xfbin, \data\ui\name\m_name\ger\name_dddk_m.xfbin, 172, Uncompress
I:\NARUTO PROJECT\Re Build\dlc.cpk_unpacked\data\ui\name\m_name\ger\name_ddnk_m.xfbin, \data\ui\name\m_name\ger\name_ddnk_m.xfbin, 173, Uncompress
I:\NARUTO PROJECT\Re Build\dlc.cpk_unpacked\data\ui\name\m_name\ger\name_dgak_m.xfbin, \data\ui\name\m_name\ger\name_dgak_m.xfbin, 174, Uncompress
I:\NARUTO PROJECT\Re Build\dlc.cpk_unpacked\data\ui\name\m_name\ger\name_dhne_m.xfbin, \data\ui\name\m_name\ger\name_dhne_m.xfbin, 175, Uncompress
I:\NARUTO PROJECT\Re Build\dlc.cpk_unpacked\data\ui\name\m_name\ger\name_dhng_m.xfbin, \data\ui\name\m_name\ger\name_dhng_m.xfbin, 176, Uncompress
I:\NARUTO PROJECT\Re Build\dlc.cpk_unpacked\data\ui\name\m_name\ger\name_dhnm_m.xfbin, \data\ui\name\m_name\ger\name_dhnm_m.xfbin, 177, Uncompress
I:\NARUTO PROJECT\Re Build\dlc.cpk_unpacked\data\ui\name\m_name\ger\name_ding_m.xfbin, \data\ui\name\m_name\ger\name_ding_m.xfbin, 178, Uncompress
I:\NARUTO PROJECT\Re Build\dlc.cpk_unpacked\data\ui\name\m_name\ger\name_dinm_m.xfbin, \data\ui\name\m_name\ger\name_dinm_m.xfbin, 179, Uncompress
I:\NARUTO PROJECT\Re Build\dlc.cpk_unpacked\data\ui\name\m_name\ger\name_dita_m.xfbin, \data\ui\name\m_name\ger\name_dita_m.xfbin, 180, Uncompress
I:\NARUTO PROJECT\Re Build\dlc.cpk_unpacked\data\ui\name\m_name\ger\name_ditk_m.xfbin, \data\ui\name\m_name\ger\name_ditk_m.xfbin, 181, Uncompress
I:\NARUTO PROJECT\Re Build\dlc.cpk_unpacked\data\ui\name\m_name\ger\name_djrs_m.xfbin, \data\ui\name\m_name\ger\name_djrs_m.xfbin, 182, Uncompress
I:\NARUTO PROJECT\Re Build\dlc.cpk_unpacked\data\ui\name\m_name\ger\name_dkka_m.xfbin, \data\ui\name\m_name\ger\name_dkka_m.xfbin, 183, Uncompress
I:\NARUTO PROJECT\Re Build\dlc.cpk_unpacked\data\ui\name\m_name\ger\name_dkkg_m.xfbin, \data\ui\name\m_name\ger\name_dkkg_m.xfbin, 184, Uncompress
I:\NARUTO PROJECT\Re Build\dlc.cpk_unpacked\data\ui\name\m_name\ger\name_dksk_m.xfbin, \data\ui\name\m_name\ger\name_dksk_m.xfbin, 185, Uncompress
I:\NARUTO PROJECT\Re Build\dlc.cpk_unpacked\data\ui\name\m_name\ger\name_dmdr_m.xfbin, \data\ui\name\m_name\ger\name_dmdr_m.xfbin, 186, Uncompress
I:\NARUTO PROJECT\Re Build\dlc.cpk_unpacked\data\ui\name\m_name\ger\name_dmkk_m.xfbin, \data\ui\name\m_name\ger\name_dmkk_m.xfbin, 187, Uncompress
I:\NARUTO PROJECT\Re Build\dlc.cpk_unpacked\data\ui\name\m_name\ger\name_dnra_m.xfbin, \data\ui\name\m_name\ger\name_dnra_m.xfbin, 188, Uncompress
I:\NARUTO PROJECT\Re Build\dlc.cpk_unpacked\data\ui\name\m_name\ger\name_dnrb_m.xfbin, \data\ui\name\m_name\ger\name_dnrb_m.xfbin, 189, Uncompress
I:\NARUTO PROJECT\Re Build\dlc.cpk_unpacked\data\ui\name\m_name\ger\name_dnrc_m.xfbin, \data\ui\name\m_name\ger\name_dnrc_m.xfbin, 190, Uncompress
I:\NARUTO PROJECT\Re Build\dlc.cpk_unpacked\data\ui\name\m_name\ger\name_dnrg_m.xfbin, \data\ui\name\m_name\ger\name_dnrg_m.xfbin, 191, Uncompress
I:\NARUTO PROJECT\Re Build\dlc.cpk_unpacked\data\ui\name\m_name\ger\name_dnri_m.xfbin, \data\ui\name\m_name\ger\name_dnri_m.xfbin, 192, Uncompress
I:\NARUTO PROJECT\Re Build\dlc.cpk_unpacked\data\ui\name\m_name\ger\name_dnrk_m.xfbin, \data\ui\name\m_name\ger\name_dnrk_m.xfbin, 193, Uncompress
I:\NARUTO PROJECT\Re Build\dlc.cpk_unpacked\data\ui\name\m_name\ger\name_dnrl_m.xfbin, \data\ui\name\m_name\ger\name_dnrl_m.xfbin, 194, Uncompress
I:\NARUTO PROJECT\Re Build\dlc.cpk_unpacked\data\ui\name\m_name\ger\name_dnrm_m.xfbin, \data\ui\name\m_name\ger\name_dnrm_m.xfbin, 195, Uncompress
I:\NARUTO PROJECT\Re Build\dlc.cpk_unpacked\data\ui\name\m_name\ger\name_dnrp_m.xfbin, \data\ui\name\m_name\ger\name_dnrp_m.xfbin, 196, Uncompress
I:\NARUTO PROJECT\Re Build\dlc.cpk_unpacked\data\ui\name\m_name\ger\name_dnrr_m.xfbin, \data\ui\name\m_name\ger\name_dnrr_m.xfbin, 197, Uncompress
I:\NARUTO PROJECT\Re Build\dlc.cpk_unpacked\data\ui\name\m_name\ger\name_dors_m.xfbin, \data\ui\name\m_name\ger\name_dors_m.xfbin, 198, Uncompress
I:\NARUTO PROJECT\Re Build\dlc.cpk_unpacked\data\ui\name\m_name\ger\name_dpea_m.xfbin, \data\ui\name\m_name\ger\name_dpea_m.xfbin, 199, Uncompress
I:\NARUTO PROJECT\Re Build\dlc.cpk_unpacked\data\ui\name\m_name\ger\name_drkk_m.xfbin, \data\ui\name\m_name\ger\name_drkk_m.xfbin, 200, Uncompress
I:\NARUTO PROJECT\Re Build\dlc.cpk_unpacked\data\ui\name\m_name\ger\name_dskg_m.xfbin, \data\ui\name\m_name\ger\name_dskg_m.xfbin, 201, Uncompress
I:\NARUTO PROJECT\Re Build\dlc.cpk_unpacked\data\ui\name\m_name\ger\name_dskk_m.xfbin, \data\ui\name\m_name\ger\name_dskk_m.xfbin, 202, Uncompress
I:\NARUTO PROJECT\Re Build\dlc.cpk_unpacked\data\ui\name\m_name\ger\name_dskm_m.xfbin, \data\ui\name\m_name\ger\name_dskm_m.xfbin, 203, Uncompress
I:\NARUTO PROJECT\Re Build\dlc.cpk_unpacked\data\ui\name\m_name\ger\name_dsse_m.xfbin, \data\ui\name\m_name\ger\name_dsse_m.xfbin, 204, Uncompress
I:\NARUTO PROJECT\Re Build\dlc.cpk_unpacked\data\ui\name\m_name\ger\name_dssg_m.xfbin, \data\ui\name\m_name\ger\name_dssg_m.xfbin, 205, Uncompress
I:\NARUTO PROJECT\Re Build\dlc.cpk_unpacked\data\ui\name\m_name\ger\name_dssn_m.xfbin, \data\ui\name\m_name\ger\name_dssn_m.xfbin, 206, Uncompress
I:\NARUTO PROJECT\Re Build\dlc.cpk_unpacked\data\ui\name\m_name\ger\name_dssr_m.xfbin, \data\ui\name\m_name\ger\name_dssr_m.xfbin, 207, Uncompress
I:\NARUTO PROJECT\Re Build\dlc.cpk_unpacked\data\ui\name\m_name\ger\name_dtkk_m.xfbin, \data\ui\name\m_name\ger\name_dtkk_m.xfbin, 208, Uncompress
I:\NARUTO PROJECT\Re Build\dlc.cpk_unpacked\data\ui\name\m_name\ger\name_dtmm_m.xfbin, \data\ui\name\m_name\ger\name_dtmm_m.xfbin, 209, Uncompress
I:\NARUTO PROJECT\Re Build\dlc.cpk_unpacked\data\ui\name\m_name\ger\name_dtnm_m.xfbin, \data\ui\name\m_name\ger\name_dtnm_m.xfbin, 210, Uncompress
I:\NARUTO PROJECT\Re Build\dlc.cpk_unpacked\data\ui\name\m_name\ger\name_dtns_m.xfbin, \data\ui\name\m_name\ger\name_dtns_m.xfbin, 211, Uncompress
I:\NARUTO PROJECT\Re Build\dlc.cpk_unpacked\data\ui\name\m_name\ger\name_dyma_m.xfbin, \data\ui\name\m_name\ger\name_dyma_m.xfbin, 212, Uncompress
I:\NARUTO PROJECT\Re Build\dlc.cpk_unpacked\data\ui\name\m_name\ger\name_rhdn_m.xfbin, \data\ui\name\m_name\ger\name_rhdn_m.xfbin, 213, Uncompress
I:\NARUTO PROJECT\Re Build\dlc.cpk_unpacked\data\ui\name\m_name\ger\name_rmdd_m.xfbin, \data\ui\name\m_name\ger\name_rmdd_m.xfbin, 214, Uncompress
I:\NARUTO PROJECT\Re Build\dlc.cpk_unpacked\data\ui\name\m_name\fre\name_1nra_m.xfbin, \data\ui\name\m_name\fre\name_1nra_m.xfbin, 215, Uncompress
I:\NARUTO PROJECT\Re Build\dlc.cpk_unpacked\data\ui\name\m_name\fre\name_22rt_m.xfbin, \data\ui\name\m_name\fre\name_22rt_m.xfbin, 216, Uncompress
I:\NARUTO PROJECT\Re Build\dlc.cpk_unpacked\data\ui\name\m_name\fre\name_2ddx_m.xfbin, \data\ui\name\m_name\fre\name_2ddx_m.xfbin, 217, Uncompress
I:\NARUTO PROJECT\Re Build\dlc.cpk_unpacked\data\ui\name\m_name\fre\name_2kza_m.xfbin, \data\ui\name\m_name\fre\name_2kza_m.xfbin, 218, Uncompress
I:\NARUTO PROJECT\Re Build\dlc.cpk_unpacked\data\ui\name\m_name\fre\name_2kzb_m.xfbin, \data\ui\name\m_name\fre\name_2kzb_m.xfbin, 219, Uncompress
I:\NARUTO PROJECT\Re Build\dlc.cpk_unpacked\data\ui\name\m_name\fre\name_2kzc_m.xfbin, \data\ui\name\m_name\fre\name_2kzc_m.xfbin, 220, Uncompress
I:\NARUTO PROJECT\Re Build\dlc.cpk_unpacked\data\ui\name\m_name\fre\name_2nra_m.xfbin, \data\ui\name\m_name\fre\name_2nra_m.xfbin, 221, Uncompress
I:\NARUTO PROJECT\Re Build\dlc.cpk_unpacked\data\ui\name\m_name\fre\name_2nrz_m.xfbin, \data\ui\name\m_name\fre\name_2nrz_m.xfbin, 222, Uncompress
I:\NARUTO PROJECT\Re Build\dlc.cpk_unpacked\data\ui\name\m_name\fre\name_3cyb_m.xfbin, \data\ui\name\m_name\fre\name_3cyb_m.xfbin, 223, Uncompress
I:\NARUTO PROJECT\Re Build\dlc.cpk_unpacked\data\ui\name\m_name\fre\name_3nrz_m.xfbin, \data\ui\name\m_name\fre\name_3nrz_m.xfbin, 224, Uncompress
I:\NARUTO PROJECT\Re Build\dlc.cpk_unpacked\data\ui\name\m_name\fre\name_3ssy_m.xfbin, \data\ui\name\m_name\fre\name_3ssy_m.xfbin, 225, Uncompress
I:\NARUTO PROJECT\Re Build\dlc.cpk_unpacked\data\ui\name\m_name\fre\name_bmrt_m.xfbin, \data\ui\name\m_name\fre\name_bmrt_m.xfbin, 226, Uncompress
I:\NARUTO PROJECT\Re Build\dlc.cpk_unpacked\data\ui\name\m_name\fre\name_dddk_m.xfbin, \data\ui\name\m_name\fre\name_dddk_m.xfbin, 227, Uncompress
I:\NARUTO PROJECT\Re Build\dlc.cpk_unpacked\data\ui\name\m_name\fre\name_ddnk_m.xfbin, \data\ui\name\m_name\fre\name_ddnk_m.xfbin, 228, Uncompress
I:\NARUTO PROJECT\Re Build\dlc.cpk_unpacked\data\ui\name\m_name\fre\name_dgak_m.xfbin, \data\ui\name\m_name\fre\name_dgak_m.xfbin, 229, Uncompress
I:\NARUTO PROJECT\Re Build\dlc.cpk_unpacked\data\ui\name\m_name\fre\name_dhne_m.xfbin, \data\ui\name\m_name\fre\name_dhne_m.xfbin, 230, Uncompress
I:\NARUTO PROJECT\Re Build\dlc.cpk_unpacked\data\ui\name\m_name\fre\name_dhng_m.xfbin, \data\ui\name\m_name\fre\name_dhng_m.xfbin, 231, Uncompress
I:\NARUTO PROJECT\Re Build\dlc.cpk_unpacked\data\ui\name\m_name\fre\name_dhnm_m.xfbin, \data\ui\name\m_name\fre\name_dhnm_m.xfbin, 232, Uncompress
I:\NARUTO PROJECT\Re Build\dlc.cpk_unpacked\data\ui\name\m_name\fre\name_ding_m.xfbin, \data\ui\name\m_name\fre\name_ding_m.xfbin, 233, Uncompress
I:\NARUTO PROJECT\Re Build\dlc.cpk_unpacked\data\ui\name\m_name\fre\name_dinm_m.xfbin, \data\ui\name\m_name\fre\name_dinm_m.xfbin, 234, Uncompress
I:\NARUTO PROJECT\Re Build\dlc.cpk_unpacked\data\ui\name\m_name\fre\name_dita_m.xfbin, \data\ui\name\m_name\fre\name_dita_m.xfbin, 235, Uncompress
I:\NARUTO PROJECT\Re Build\dlc.cpk_unpacked\data\ui\name\m_name\fre\name_ditk_m.xfbin, \data\ui\name\m_name\fre\name_ditk_m.xfbin, 236, Uncompress
I:\NARUTO PROJECT\Re Build\dlc.cpk_unpacked\data\ui\name\m_name\fre\name_djrs_m.xfbin, \data\ui\name\m_name\fre\name_djrs_m.xfbin, 237, Uncompress
I:\NARUTO PROJECT\Re Build\dlc.cpk_unpacked\data\ui\name\m_name\fre\name_dkka_m.xfbin, \data\ui\name\m_name\fre\name_dkka_m.xfbin, 238, Uncompress
I:\NARUTO PROJECT\Re Build\dlc.cpk_unpacked\data\ui\name\m_name\fre\name_dkkg_m.xfbin, \data\ui\name\m_name\fre\name_dkkg_m.xfbin, 239, Uncompress
I:\NARUTO PROJECT\Re Build\dlc.cpk_unpacked\data\ui\name\m_name\fre\name_dksk_m.xfbin, \data\ui\name\m_name\fre\name_dksk_m.xfbin, 240, Uncompress
I:\NARUTO PROJECT\Re Build\dlc.cpk_unpacked\data\ui\name\m_name\fre\name_dmdr_m.xfbin, \data\ui\name\m_name\fre\name_dmdr_m.xfbin, 241, Uncompress
I:\NARUTO PROJECT\Re Build\dlc.cpk_unpacked\data\ui\name\m_name\fre\name_dmkk_m.xfbin, \data\ui\name\m_name\fre\name_dmkk_m.xfbin, 242, Uncompress
I:\NARUTO PROJECT\Re Build\dlc.cpk_unpacked\data\ui\name\m_name\fre\name_dnra_m.xfbin, \data\ui\name\m_name\fre\name_dnra_m.xfbin, 243, Uncompress
I:\NARUTO PROJECT\Re Build\dlc.cpk_unpacked\data\ui\name\m_name\fre\name_dnrb_m.xfbin, \data\ui\name\m_name\fre\name_dnrb_m.xfbin, 244, Uncompress
I:\NARUTO PROJECT\Re Build\dlc.cpk_unpacked\data\ui\name\m_name\fre\name_dnrc_m.xfbin, \data\ui\name\m_name\fre\name_dnrc_m.xfbin, 245, Uncompress
I:\NARUTO PROJECT\Re Build\dlc.cpk_unpacked\data\ui\name\m_name\fre\name_dnrg_m.xfbin, \data\ui\name\m_name\fre\name_dnrg_m.xfbin, 246, Uncompress
I:\NARUTO PROJECT\Re Build\dlc.cpk_unpacked\data\ui\name\m_name\fre\name_dnri_m.xfbin, \data\ui\name\m_name\fre\name_dnri_m.xfbin, 247, Uncompress
I:\NARUTO PROJECT\Re Build\dlc.cpk_unpacked\data\ui\name\m_name\fre\name_dnrk_m.xfbin, \data\ui\name\m_name\fre\name_dnrk_m.xfbin, 248, Uncompress
I:\NARUTO PROJECT\Re Build\dlc.cpk_unpacked\data\ui\name\m_name\fre\name_dnrl_m.xfbin, \data\ui\name\m_name\fre\name_dnrl_m.xfbin, 249, Uncompress
I:\NARUTO PROJECT\Re Build\dlc.cpk_unpacked\data\ui\name\m_name\fre\name_dnrm_m.xfbin, \data\ui\name\m_name\fre\name_dnrm_m.xfbin, 250, Uncompress
I:\NARUTO PROJECT\Re Build\dlc.cpk_unpacked\data\ui\name\m_name\fre\name_dnrp_m.xfbin, \data\ui\name\m_name\fre\name_dnrp_m.xfbin, 251, Uncompress
I:\NARUTO PROJECT\Re Build\dlc.cpk_unpacked\data\ui\name\m_name\fre\name_dnrr_m.xfbin, \data\ui\name\m_name\fre\name_dnrr_m.xfbin, 252, Uncompress
I:\NARUTO PROJECT\Re Build\dlc.cpk_unpacked\data\ui\name\m_name\fre\name_dors_m.xfbin, \data\ui\name\m_name\fre\name_dors_m.xfbin, 253, Uncompress
I:\NARUTO PROJECT\Re Build\dlc.cpk_unpacked\data\ui\name\m_name\fre\name_dpea_m.xfbin, \data\ui\name\m_name\fre\name_dpea_m.xfbin, 254, Uncompress
I:\NARUTO PROJECT\Re Build\dlc.cpk_unpacked\data\ui\name\m_name\fre\name_drkk_m.xfbin, \data\ui\name\m_name\fre\name_drkk_m.xfbin, 255, Uncompress
I:\NARUTO PROJECT\Re Build\dlc.cpk_unpacked\data\ui\name\m_name\fre\name_dskg_m.xfbin, \data\ui\name\m_name\fre\name_dskg_m.xfbin, 256, Uncompress
I:\NARUTO PROJECT\Re Build\dlc.cpk_unpacked\data\ui\name\m_name\fre\name_dskk_m.xfbin, \data\ui\name\m_name\fre\name_dskk_m.xfbin, 257, Uncompress
I:\NARUTO PROJECT\Re Build\dlc.cpk_unpacked\data\ui\name\m_name\fre\name_dskm_m.xfbin, \data\ui\name\m_name\fre\name_dskm_m.xfbin, 258, Uncompress
I:\NARUTO PROJECT\Re Build\dlc.cpk_unpacked\data\ui\name\m_name\fre\name_dsse_m.xfbin, \data\ui\name\m_name\fre\name_dsse_m.xfbin, 259, Uncompress
I:\NARUTO PROJECT\Re Build\dlc.cpk_unpacked\data\ui\name\m_name\fre\name_dssg_m.xfbin, \data\ui\name\m_name\fre\name_dssg_m.xfbin, 260, Uncompress
I:\NARUTO PROJECT\Re Build\dlc.cpk_unpacked\data\ui\name\m_name\fre\name_dssn_m.xfbin, \data\ui\name\m_name\fre\name_dssn_m.xfbin, 261, Uncompress
I:\NARUTO PROJECT\Re Build\dlc.cpk_unpacked\data\ui\name\m_name\fre\name_dssr_m.xfbin, \data\ui\name\m_name\fre\name_dssr_m.xfbin, 262, Uncompress
I:\NARUTO PROJECT\Re Build\dlc.cpk_unpacked\data\ui\name\m_name\fre\name_dtkk_m.xfbin, \data\ui\name\m_name\fre\name_dtkk_m.xfbin, 263, Uncompress
I:\NARUTO PROJECT\Re Build\dlc.cpk_unpacked\data\ui\name\m_name\fre\name_dtmm_m.xfbin, \data\ui\name\m_name\fre\name_dtmm_m.xfbin, 264, Uncompress
I:\NARUTO PROJECT\Re Build\dlc.cpk_unpacked\data\ui\name\m_name\fre\name_dtnm_m.xfbin, \data\ui\name\m_name\fre\name_dtnm_m.xfbin, 265, Uncompress
I:\NARUTO PROJECT\Re Build\dlc.cpk_unpacked\data\ui\name\m_name\fre\name_dtns_m.xfbin, \data\ui\name\m_name\fre\name_dtns_m.xfbin, 266, Uncompress
I:\NARUTO PROJECT\Re Build\dlc.cpk_unpacked\data\ui\name\m_name\fre\name_dyma_m.xfbin, \data\ui\name\m_name\fre\name_dyma_m.xfbin, 267, Uncompress
I:\NARUTO PROJECT\Re Build\dlc.cpk_unpacked\data\ui\name\m_name\fre\name_rhdn_m.xfbin, \data\ui\name\m_name\fre\name_rhdn_m.xfbin, 268, Uncompress
I:\NARUTO PROJECT\Re Build\dlc.cpk_unpacked\data\ui\name\m_name\fre\name_rmdd_m.xfbin, \data\ui\name\m_name\fre\name_rmdd_m.xfbin, 269, Uncompress
I:\NARUTO PROJECT\Re Build\dlc.cpk_unpacked\data\ui\name\m_name\eng\name_1nra_m.xfbin, \data\ui\name\m_name\eng\name_1nra_m.xfbin, 270, Uncompress
I:\NARUTO PROJECT\Re Build\dlc.cpk_unpacked\data\ui\name\m_name\eng\name_22rt_m.xfbin, \data\ui\name\m_name\eng\name_22rt_m.xfbin, 271, Uncompress
I:\NARUTO PROJECT\Re Build\dlc.cpk_unpacked\data\ui\name\m_name\eng\name_2ddx_m.xfbin, \data\ui\name\m_name\eng\name_2ddx_m.xfbin, 272, Uncompress
I:\NARUTO PROJECT\Re Build\dlc.cpk_unpacked\data\ui\name\m_name\eng\name_2kza_m.xfbin, \data\ui\name\m_name\eng\name_2kza_m.xfbin, 273, Uncompress
I:\NARUTO PROJECT\Re Build\dlc.cpk_unpacked\data\ui\name\m_name\eng\name_2kzb_m.xfbin, \data\ui\name\m_name\eng\name_2kzb_m.xfbin, 274, Uncompress
I:\NARUTO PROJECT\Re Build\dlc.cpk_unpacked\data\ui\name\m_name\eng\name_2kzc_m.xfbin, \data\ui\name\m_name\eng\name_2kzc_m.xfbin, 275, Uncompress
I:\NARUTO PROJECT\Re Build\dlc.cpk_unpacked\data\ui\name\m_name\eng\name_2nra_m.xfbin, \data\ui\name\m_name\eng\name_2nra_m.xfbin, 276, Uncompress
I:\NARUTO PROJECT\Re Build\dlc.cpk_unpacked\data\ui\name\m_name\eng\name_2nrz_m.xfbin, \data\ui\name\m_name\eng\name_2nrz_m.xfbin, 277, Uncompress
I:\NARUTO PROJECT\Re Build\dlc.cpk_unpacked\data\ui\name\m_name\eng\name_3cyb_m.xfbin, \data\ui\name\m_name\eng\name_3cyb_m.xfbin, 278, Uncompress
I:\NARUTO PROJECT\Re Build\dlc.cpk_unpacked\data\ui\name\m_name\eng\name_3nrz_m.xfbin, \data\ui\name\m_name\eng\name_3nrz_m.xfbin, 279, Uncompress
I:\NARUTO PROJECT\Re Build\dlc.cpk_unpacked\data\ui\name\m_name\eng\name_3ssy_m.xfbin, \data\ui\name\m_name\eng\name_3ssy_m.xfbin, 280, Uncompress
I:\NARUTO PROJECT\Re Build\dlc.cpk_unpacked\data\ui\name\m_name\eng\name_bmrt_m.xfbin, \data\ui\name\m_name\eng\name_bmrt_m.xfbin, 281, Uncompress
I:\NARUTO PROJECT\Re Build\dlc.cpk_unpacked\data\ui\name\m_name\eng\name_dddk_m.xfbin, \data\ui\name\m_name\eng\name_dddk_m.xfbin, 282, Uncompress
I:\NARUTO PROJECT\Re Build\dlc.cpk_unpacked\data\ui\name\m_name\eng\name_ddnk_m.xfbin, \data\ui\name\m_name\eng\name_ddnk_m.xfbin, 283, Uncompress
I:\NARUTO PROJECT\Re Build\dlc.cpk_unpacked\data\ui\name\m_name\eng\name_dgak_m.xfbin, \data\ui\name\m_name\eng\name_dgak_m.xfbin, 284, Uncompress
I:\NARUTO PROJECT\Re Build\dlc.cpk_unpacked\data\ui\name\m_name\eng\name_dhne_m.xfbin, \data\ui\name\m_name\eng\name_dhne_m.xfbin, 285, Uncompress
I:\NARUTO PROJECT\Re Build\dlc.cpk_unpacked\data\ui\name\m_name\eng\name_dhng_m.xfbin, \data\ui\name\m_name\eng\name_dhng_m.xfbin, 286, Uncompress
I:\NARUTO PROJECT\Re Build\dlc.cpk_unpacked\data\ui\name\m_name\eng\name_dhnm_m.xfbin, \data\ui\name\m_name\eng\name_dhnm_m.xfbin, 287, Uncompress
I:\NARUTO PROJECT\Re Build\dlc.cpk_unpacked\data\ui\name\m_name\eng\name_ding_m.xfbin, \data\ui\name\m_name\eng\name_ding_m.xfbin, 288, Uncompress
I:\NARUTO PROJECT\Re Build\dlc.cpk_unpacked\data\ui\name\m_name\eng\name_dinm_m.xfbin, \data\ui\name\m_name\eng\name_dinm_m.xfbin, 289, Uncompress
I:\NARUTO PROJECT\Re Build\dlc.cpk_unpacked\data\ui\name\m_name\eng\name_dita_m.xfbin, \data\ui\name\m_name\eng\name_dita_m.xfbin, 290, Uncompress
I:\NARUTO PROJECT\Re Build\dlc.cpk_unpacked\data\ui\name\m_name\eng\name_ditk_m.xfbin, \data\ui\name\m_name\eng\name_ditk_m.xfbin, 291, Uncompress
I:\NARUTO PROJECT\Re Build\dlc.cpk_unpacked\data\ui\name\m_name\eng\name_djrs_m.xfbin, \data\ui\name\m_name\eng\name_djrs_m.xfbin, 292, Uncompress
I:\NARUTO PROJECT\Re Build\dlc.cpk_unpacked\data\ui\name\m_name\eng\name_dkka_m.xfbin, \data\ui\name\m_name\eng\name_dkka_m.xfbin, 293, Uncompress
I:\NARUTO PROJECT\Re Build\dlc.cpk_unpacked\data\ui\name\m_name\eng\name_dkkg_m.xfbin, \data\ui\name\m_name\eng\name_dkkg_m.xfbin, 294, Uncompress
I:\NARUTO PROJECT\Re Build\dlc.cpk_unpacked\data\ui\name\m_name\eng\name_dksk_m.xfbin, \data\ui\name\m_name\eng\name_dksk_m.xfbin, 295, Uncompress
I:\NARUTO PROJECT\Re Build\dlc.cpk_unpacked\data\ui\name\m_name\eng\name_dmdr_m.xfbin, \data\ui\name\m_name\eng\name_dmdr_m.xfbin, 296, Uncompress
I:\NARUTO PROJECT\Re Build\dlc.cpk_unpacked\data\ui\name\m_name\eng\name_dmkk_m.xfbin, \data\ui\name\m_name\eng\name_dmkk_m.xfbin, 297, Uncompress
I:\NARUTO PROJECT\Re Build\dlc.cpk_unpacked\data\ui\name\m_name\eng\name_dnra_m.xfbin, \data\ui\name\m_name\eng\name_dnra_m.xfbin, 298, Uncompress
I:\NARUTO PROJECT\Re Build\dlc.cpk_unpacked\data\ui\name\m_name\eng\name_dnrb_m.xfbin, \data\ui\name\m_name\eng\name_dnrb_m.xfbin, 299, Uncompress
I:\NARUTO PROJECT\Re Build\dlc.cpk_unpacked\data\ui\name\m_name\eng\name_dnrc_m.xfbin, \data\ui\name\m_name\eng\name_dnrc_m.xfbin, 300, Uncompress
I:\NARUTO PROJECT\Re Build\dlc.cpk_unpacked\data\ui\name\m_name\eng\name_dnrd_m.xfbin, \data\ui\name\m_name\eng\name_dnrd_m.xfbin, 301, Uncompress
I:\NARUTO PROJECT\Re Build\dlc.cpk_unpacked\data\ui\name\m_name\eng\name_dnrg_m.xfbin, \data\ui\name\m_name\eng\name_dnrg_m.xfbin, 302, Uncompress
I:\NARUTO PROJECT\Re Build\dlc.cpk_unpacked\data\ui\name\m_name\eng\name_dnri_m.xfbin, \data\ui\name\m_name\eng\name_dnri_m.xfbin, 303, Uncompress
I:\NARUTO PROJECT\Re Build\dlc.cpk_unpacked\data\ui\name\m_name\eng\name_dnrk_m.xfbin, \data\ui\name\m_name\eng\name_dnrk_m.xfbin, 304, Uncompress
I:\NARUTO PROJECT\Re Build\dlc.cpk_unpacked\data\ui\name\m_name\eng\name_dnrl_m.xfbin, \data\ui\name\m_name\eng\name_dnrl_m.xfbin, 305, Uncompress
I:\NARUTO PROJECT\Re Build\dlc.cpk_unpacked\data\ui\name\m_name\eng\name_dnrm_m.xfbin, \data\ui\name\m_name\eng\name_dnrm_m.xfbin, 306, Uncompress
I:\NARUTO PROJECT\Re Build\dlc.cpk_unpacked\data\ui\name\m_name\eng\name_dnrp_m.xfbin, \data\ui\name\m_name\eng\name_dnrp_m.xfbin, 307, Uncompress
I:\NARUTO PROJECT\Re Build\dlc.cpk_unpacked\data\ui\name\m_name\eng\name_dnrr_m.xfbin, \data\ui\name\m_name\eng\name_dnrr_m.xfbin, 308, Uncompress
I:\NARUTO PROJECT\Re Build\dlc.cpk_unpacked\data\ui\name\m_name\eng\name_dors_m.xfbin, \data\ui\name\m_name\eng\name_dors_m.xfbin, 309, Uncompress
I:\NARUTO PROJECT\Re Build\dlc.cpk_unpacked\data\ui\name\m_name\eng\name_dpea_m.xfbin, \data\ui\name\m_name\eng\name_dpea_m.xfbin, 310, Uncompress
I:\NARUTO PROJECT\Re Build\dlc.cpk_unpacked\data\ui\name\m_name\eng\name_drkk_m.xfbin, \data\ui\name\m_name\eng\name_drkk_m.xfbin, 311, Uncompress
I:\NARUTO PROJECT\Re Build\dlc.cpk_unpacked\data\ui\name\m_name\eng\name_dskg_m.xfbin, \data\ui\name\m_name\eng\name_dskg_m.xfbin, 312, Uncompress
I:\NARUTO PROJECT\Re Build\dlc.cpk_unpacked\data\ui\name\m_name\eng\name_dskk_m.xfbin, \data\ui\name\m_name\eng\name_dskk_m.xfbin, 313, Uncompress
I:\NARUTO PROJECT\Re Build\dlc.cpk_unpacked\data\ui\name\m_name\eng\name_dskm_m.xfbin, \data\ui\name\m_name\eng\name_dskm_m.xfbin, 314, Uncompress
I:\NARUTO PROJECT\Re Build\dlc.cpk_unpacked\data\ui\name\m_name\eng\name_dsse_m.xfbin, \data\ui\name\m_name\eng\name_dsse_m.xfbin, 315, Uncompress
I:\NARUTO PROJECT\Re Build\dlc.cpk_unpacked\data\ui\name\m_name\eng\name_dssg_m.xfbin, \data\ui\name\m_name\eng\name_dssg_m.xfbin, 316, Uncompress
I:\NARUTO PROJECT\Re Build\dlc.cpk_unpacked\data\ui\name\m_name\eng\name_dssn_m.xfbin, \data\ui\name\m_name\eng\name_dssn_m.xfbin, 317, Uncompress
I:\NARUTO PROJECT\Re Build\dlc.cpk_unpacked\data\ui\name\m_name\eng\name_dssr_m.xfbin, \data\ui\name\m_name\eng\name_dssr_m.xfbin, 318, Uncompress
I:\NARUTO PROJECT\Re Build\dlc.cpk_unpacked\data\ui\name\m_name\eng\name_dtkk_m.xfbin, \data\ui\name\m_name\eng\name_dtkk_m.xfbin, 319, Uncompress
I:\NARUTO PROJECT\Re Build\dlc.cpk_unpacked\data\ui\name\m_name\eng\name_dtmm_m.xfbin, \data\ui\name\m_name\eng\name_dtmm_m.xfbin, 320, Uncompress
I:\NARUTO PROJECT\Re Build\dlc.cpk_unpacked\data\ui\name\m_name\eng\name_dtnm_m.xfbin, \data\ui\name\m_name\eng\name_dtnm_m.xfbin, 321, Uncompress
I:\NARUTO PROJECT\Re Build\dlc.cpk_unpacked\data\ui\name\m_name\eng\name_dtns_m.xfbin, \data\ui\name\m_name\eng\name_dtns_m.xfbin, 322, Uncompress
I:\NARUTO PROJECT\Re Build\dlc.cpk_unpacked\data\ui\name\m_name\eng\name_dyma_m.xfbin, \data\ui\name\m_name\eng\name_dyma_m.xfbin, 323, Uncompress
I:\NARUTO PROJECT\Re Build\dlc.cpk_unpacked\data\ui\name\m_name\eng\name_efir_m.xfbin, \data\ui\name\m_name\eng\name_efir_m.xfbin, 324, Uncompress
I:\NARUTO PROJECT\Re Build\dlc.cpk_unpacked\data\ui\name\m_name\eng\name_ehkg_m.xfbin, \data\ui\name\m_name\eng\name_ehkg_m.xfbin, 325, Uncompress
I:\NARUTO PROJECT\Re Build\dlc.cpk_unpacked\data\ui\name\m_name\eng\name_esec_m.xfbin, \data\ui\name\m_name\eng\name_esec_m.xfbin, 326, Uncompress
I:\NARUTO PROJECT\Re Build\dlc.cpk_unpacked\data\ui\name\m_name\eng\name_rfou_m.xfbin, \data\ui\name\m_name\eng\name_rfou_m.xfbin, 327, Uncompress
I:\NARUTO PROJECT\Re Build\dlc.cpk_unpacked\data\ui\name\m_name\eng\name_rfox_m.xfbin, \data\ui\name\m_name\eng\name_rfox_m.xfbin, 328, Uncompress
I:\NARUTO PROJECT\Re Build\dlc.cpk_unpacked\data\ui\name\m_name\eng\name_rhdn_m.xfbin, \data\ui\name\m_name\eng\name_rhdn_m.xfbin, 329, Uncompress
I:\NARUTO PROJECT\Re Build\dlc.cpk_unpacked\data\ui\name\m_name\eng\name_rhrz_m.xfbin, \data\ui\name\m_name\eng\name_rhrz_m.xfbin, 330, Uncompress
I:\NARUTO PROJECT\Re Build\dlc.cpk_unpacked\data\ui\name\m_name\eng\name_rmdd_m.xfbin, \data\ui\name\m_name\eng\name_rmdd_m.xfbin, 331, Uncompress
I:\NARUTO PROJECT\Re Build\dlc.cpk_unpacked\data\ui\name\m_name\eng\name_rmdr_m.xfbin, \data\ui\name\m_name\eng\name_rmdr_m.xfbin, 332, Uncompress
I:\NARUTO PROJECT\Re Build\dlc.cpk_unpacked\data\ui\name\m_name\eng\name_rmfn_m.xfbin, \data\ui\name\m_name\eng\name_rmfn_m.xfbin, 333, Uncompress
I:\NARUTO PROJECT\Re Build\dlc.cpk_unpacked\data\ui\name\m_name\eng\name_rngt_m.xfbin, \data\ui\name\m_name\eng\name_rngt_m.xfbin, 334, Uncompress
I:\NARUTO PROJECT\Re Build\dlc.cpk_unpacked\data\ui\name\m_name\eng\name_rsmr_m.xfbin, \data\ui\name\m_name\eng\name_rsmr_m.xfbin, 335, Uncompress
I:\NARUTO PROJECT\Re Build\dlc.cpk_unpacked\data\ui\name\l_name\spa\name_rmdd_l.xfbin, \data\ui\name\l_name\spa\name_rmdd_l.xfbin, 336, Uncompress
I:\NARUTO PROJECT\Re Build\dlc.cpk_unpacked\data\ui\name\l_name\rus\name_rmdd_l.xfbin, \data\ui\name\l_name\rus\name_rmdd_l.xfbin, 337, Uncompress
I:\NARUTO PROJECT\Re Build\dlc.cpk_unpacked\data\ui\name\l_name\ita\name_rmdd_l.xfbin, \data\ui\name\l_name\ita\name_rmdd_l.xfbin, 338, Uncompress
I:\NARUTO PROJECT\Re Build\dlc.cpk_unpacked\data\ui\name\l_name\ger\name_rmdd_l.xfbin, \data\ui\name\l_name\ger\name_rmdd_l.xfbin, 339, Uncompress
I:\NARUTO PROJECT\Re Build\dlc.cpk_unpacked\data\ui\name\l_name\fre\name_rmdd_l.xfbin, \data\ui\name\l_name\fre\name_rmdd_l.xfbin, 340, Uncompress
I:\NARUTO PROJECT\Re Build\dlc.cpk_unpacked\data\ui\name\l_name\eng\name_rmdd_l.xfbin, \data\ui\name\l_name\eng\name_rmdd_l.xfbin, 341, Uncompress
I:\NARUTO PROJECT\Re Build\dlc.cpk_unpacked\data\spc\1nrabod1.xfbin, \data\spc\1nrabod1.xfbin, 342, Uncompress
I:\NARUTO PROJECT\Re Build\dlc.cpk_unpacked\data\spc\22rtacc2.xfbin, \data\spc\22rtacc2.xfbin, 343, Uncompress
I:\NARUTO PROJECT\Re Build\dlc.cpk_unpacked\data\spc\22rtbod1.xfbin, \data\spc\22rtbod1.xfbin, 344, Uncompress
I:\NARUTO PROJECT\Re Build\dlc.cpk_unpacked\data\spc\2ddxacc1.xfbin, \data\spc\2ddxacc1.xfbin, 345, Uncompress
I:\NARUTO PROJECT\Re Build\dlc.cpk_unpacked\data\spc\2ddxbod1.xfbin, \data\spc\2ddxbod1.xfbin, 346, Uncompress
I:\NARUTO PROJECT\Re Build\dlc.cpk_unpacked\data\spc\2kzabod1.xfbin, \data\spc\2kzabod1.xfbin, 347, Uncompress
I:\NARUTO PROJECT\Re Build\dlc.cpk_unpacked\data\spc\2kzbbod1.xfbin, \data\spc\2kzbbod1.xfbin, 348, Uncompress
I:\NARUTO PROJECT\Re Build\dlc.cpk_unpacked\data\spc\2kzcbod1.xfbin, \data\spc\2kzcbod1.xfbin, 349, Uncompress
I:\NARUTO PROJECT\Re Build\dlc.cpk_unpacked\data\spc\2nrabod1.xfbin, \data\spc\2nrabod1.xfbin, 350, Uncompress
I:\NARUTO PROJECT\Re Build\dlc.cpk_unpacked\data\spc\2nrg_dnrdspl1_bod1.xfbin, \data\spc\2nrg_dnrdspl1_bod1.xfbin, 351, Uncompress
I:\NARUTO PROJECT\Re Build\dlc.cpk_unpacked\data\spc\2nrg_dnrkspl1_bod1.xfbin, \data\spc\2nrg_dnrkspl1_bod1.xfbin, 352, Uncompress
I:\NARUTO PROJECT\Re Build\dlc.cpk_unpacked\data\spc\2nrzbod1.xfbin, \data\spc\2nrzbod1.xfbin, 353, Uncompress
I:\NARUTO PROJECT\Re Build\dlc.cpk_unpacked\data\spc\3cybbod1.xfbin, \data\spc\3cybbod1.xfbin, 354, Uncompress
I:\NARUTO PROJECT\Re Build\dlc.cpk_unpacked\data\spc\3nrzbod1.xfbin, \data\spc\3nrzbod1.xfbin, 355, Uncompress
I:\NARUTO PROJECT\Re Build\dlc.cpk_unpacked\data\spc\3ssybod1.xfbin, \data\spc\3ssybod1.xfbin, 356, Uncompress
I:\NARUTO PROJECT\Re Build\dlc.cpk_unpacked\data\spc\bmrtbod1.xfbin, \data\spc\bmrtbod1.xfbin, 357, Uncompress
I:\NARUTO PROJECT\Re Build\dlc.cpk_unpacked\data\spc\dddkbod1.xfbin, \data\spc\dddkbod1.xfbin, 358, Uncompress
I:\NARUTO PROJECT\Re Build\dlc.cpk_unpacked\data\spc\ddnkbod1.xfbin, \data\spc\ddnkbod1.xfbin, 359, Uncompress
I:\NARUTO PROJECT\Re Build\dlc.cpk_unpacked\data\spc\ddnkspl1_bod1.xfbin, \data\spc\ddnkspl1_bod1.xfbin, 360, Uncompress
I:\NARUTO PROJECT\Re Build\dlc.cpk_unpacked\data\spc\dgakbod1.xfbin, \data\spc\dgakbod1.xfbin, 361, Uncompress
I:\NARUTO PROJECT\Re Build\dlc.cpk_unpacked\data\spc\dhnebod1.xfbin, \data\spc\dhnebod1.xfbin, 362, Uncompress
I:\NARUTO PROJECT\Re Build\dlc.cpk_unpacked\data\spc\dhngbod1.xfbin, \data\spc\dhngbod1.xfbin, 363, Uncompress
I:\NARUTO PROJECT\Re Build\dlc.cpk_unpacked\data\spc\dhnmbod1.xfbin, \data\spc\dhnmbod1.xfbin, 364, Uncompress
I:\NARUTO PROJECT\Re Build\dlc.cpk_unpacked\data\spc\dingbod1.xfbin, \data\spc\dingbod1.xfbin, 365, Uncompress
I:\NARUTO PROJECT\Re Build\dlc.cpk_unpacked\data\spc\dinmbod1.xfbin, \data\spc\dinmbod1.xfbin, 366, Uncompress
I:\NARUTO PROJECT\Re Build\dlc.cpk_unpacked\data\spc\ditabod1.xfbin, \data\spc\ditabod1.xfbin, 367, Uncompress
I:\NARUTO PROJECT\Re Build\dlc.cpk_unpacked\data\spc\ditkbod1.xfbin, \data\spc\ditkbod1.xfbin, 368, Uncompress
I:\NARUTO PROJECT\Re Build\dlc.cpk_unpacked\data\spc\djrsacc2.xfbin, \data\spc\djrsacc2.xfbin, 369, Uncompress
I:\NARUTO PROJECT\Re Build\dlc.cpk_unpacked\data\spc\djrsbod1.xfbin, \data\spc\djrsbod1.xfbin, 370, Uncompress
I:\NARUTO PROJECT\Re Build\dlc.cpk_unpacked\data\spc\dkkaacc1.xfbin, \data\spc\dkkaacc1.xfbin, 371, Uncompress
I:\NARUTO PROJECT\Re Build\dlc.cpk_unpacked\data\spc\dkkabod1.xfbin, \data\spc\dkkabod1.xfbin, 372, Uncompress
I:\NARUTO PROJECT\Re Build\dlc.cpk_unpacked\data\spc\dkkgacc1.xfbin, \data\spc\dkkgacc1.xfbin, 373, Uncompress
I:\NARUTO PROJECT\Re Build\dlc.cpk_unpacked\data\spc\dkkgbod1.xfbin, \data\spc\dkkgbod1.xfbin, 374, Uncompress
I:\NARUTO PROJECT\Re Build\dlc.cpk_unpacked\data\spc\dkskbod1.xfbin, \data\spc\dkskbod1.xfbin, 375, Uncompress
I:\NARUTO PROJECT\Re Build\dlc.cpk_unpacked\data\spc\dkskspl2_bod1.xfbin, \data\spc\dkskspl2_bod1.xfbin, 376, Uncompress
I:\NARUTO PROJECT\Re Build\dlc.cpk_unpacked\data\spc\dmdrbod1.xfbin, \data\spc\dmdrbod1.xfbin, 377, Uncompress
I:\NARUTO PROJECT\Re Build\dlc.cpk_unpacked\data\spc\dmkkbod1.xfbin, \data\spc\dmkkbod1.xfbin, 378, Uncompress
I:\NARUTO PROJECT\Re Build\dlc.cpk_unpacked\data\spc\dnraacc2.xfbin, \data\spc\dnraacc2.xfbin, 379, Uncompress
I:\NARUTO PROJECT\Re Build\dlc.cpk_unpacked\data\spc\dnrabod1.xfbin, \data\spc\dnrabod1.xfbin, 380, Uncompress
I:\NARUTO PROJECT\Re Build\dlc.cpk_unpacked\data\spc\dnrcacc2.xfbin, \data\spc\dnrcacc2.xfbin, 381, Uncompress
I:\NARUTO PROJECT\Re Build\dlc.cpk_unpacked\data\spc\dnrcbod1.xfbin, \data\spc\dnrcbod1.xfbin, 382, Uncompress
I:\NARUTO PROJECT\Re Build\dlc.cpk_unpacked\data\spc\dnrdacc2.xfbin, \data\spc\dnrdacc2.xfbin, 383, Uncompress
I:\NARUTO PROJECT\Re Build\dlc.cpk_unpacked\data\spc\dnrdbod1.xfbin, \data\spc\dnrdbod1.xfbin, 384, Uncompress
I:\NARUTO PROJECT\Re Build\dlc.cpk_unpacked\data\spc\dnrgacc2.xfbin, \data\spc\dnrgacc2.xfbin, 385, Uncompress
I:\NARUTO PROJECT\Re Build\dlc.cpk_unpacked\data\spc\dnrgbod1.xfbin, \data\spc\dnrgbod1.xfbin, 386, Uncompress
I:\NARUTO PROJECT\Re Build\dlc.cpk_unpacked\data\spc\dnriacc2.xfbin, \data\spc\dnriacc2.xfbin, 387, Uncompress
I:\NARUTO PROJECT\Re Build\dlc.cpk_unpacked\data\spc\dnribod1.xfbin, \data\spc\dnribod1.xfbin, 388, Uncompress
I:\NARUTO PROJECT\Re Build\dlc.cpk_unpacked\data\spc\dnrkacc2.xfbin, \data\spc\dnrkacc2.xfbin, 389, Uncompress
I:\NARUTO PROJECT\Re Build\dlc.cpk_unpacked\data\spc\dnrkbod1.xfbin, \data\spc\dnrkbod1.xfbin, 390, Uncompress
I:\NARUTO PROJECT\Re Build\dlc.cpk_unpacked\data\spc\dnrlacc2.xfbin, \data\spc\dnrlacc2.xfbin, 391, Uncompress
I:\NARUTO PROJECT\Re Build\dlc.cpk_unpacked\data\spc\dnrlbod1.xfbin, \data\spc\dnrlbod1.xfbin, 392, Uncompress
I:\NARUTO PROJECT\Re Build\dlc.cpk_unpacked\data\spc\dnrmacc2.xfbin, \data\spc\dnrmacc2.xfbin, 393, Uncompress
I:\NARUTO PROJECT\Re Build\dlc.cpk_unpacked\data\spc\dnrmbod1.xfbin, \data\spc\dnrmbod1.xfbin, 394, Uncompress
I:\NARUTO PROJECT\Re Build\dlc.cpk_unpacked\data\spc\dnrpacc2.xfbin, \data\spc\dnrpacc2.xfbin, 395, Uncompress
I:\NARUTO PROJECT\Re Build\dlc.cpk_unpacked\data\spc\dnrpbod1.xfbin, \data\spc\dnrpbod1.xfbin, 396, Uncompress
I:\NARUTO PROJECT\Re Build\dlc.cpk_unpacked\data\spc\dnrracc2.xfbin, \data\spc\dnrracc2.xfbin, 397, Uncompress
I:\NARUTO PROJECT\Re Build\dlc.cpk_unpacked\data\spc\dnrrbod1.xfbin, \data\spc\dnrrbod1.xfbin, 398, Uncompress
I:\NARUTO PROJECT\Re Build\dlc.cpk_unpacked\data\spc\dorsbod1.xfbin, \data\spc\dorsbod1.xfbin, 399, Uncompress
I:\NARUTO PROJECT\Re Build\dlc.cpk_unpacked\data\spc\dpeabod1.xfbin, \data\spc\dpeabod1.xfbin, 400, Uncompress
I:\NARUTO PROJECT\Re Build\dlc.cpk_unpacked\data\spc\drkkbod1.xfbin, \data\spc\drkkbod1.xfbin, 401, Uncompress
I:\NARUTO PROJECT\Re Build\dlc.cpk_unpacked\data\spc\dskgbod1.xfbin, \data\spc\dskgbod1.xfbin, 402, Uncompress
I:\NARUTO PROJECT\Re Build\dlc.cpk_unpacked\data\spc\dskkbod1.xfbin, \data\spc\dskkbod1.xfbin, 403, Uncompress
I:\NARUTO PROJECT\Re Build\dlc.cpk_unpacked\data\spc\dskmbod1.xfbin, \data\spc\dskmbod1.xfbin, 404, Uncompress
I:\NARUTO PROJECT\Re Build\dlc.cpk_unpacked\data\spc\dssebod1.xfbin, \data\spc\dssebod1.xfbin, 405, Uncompress
I:\NARUTO PROJECT\Re Build\dlc.cpk_unpacked\data\spc\dssgbod1.xfbin, \data\spc\dssgbod1.xfbin, 406, Uncompress
I:\NARUTO PROJECT\Re Build\dlc.cpk_unpacked\data\spc\dssnacc2.xfbin, \data\spc\dssnacc2.xfbin, 407, Uncompress
I:\NARUTO PROJECT\Re Build\dlc.cpk_unpacked\data\spc\dssnbod1.xfbin, \data\spc\dssnbod1.xfbin, 408, Uncompress
I:\NARUTO PROJECT\Re Build\dlc.cpk_unpacked\data\spc\dssracc2.xfbin, \data\spc\dssracc2.xfbin, 409, Uncompress
I:\NARUTO PROJECT\Re Build\dlc.cpk_unpacked\data\spc\dssrbod1.xfbin, \data\spc\dssrbod1.xfbin, 410, Uncompress
I:\NARUTO PROJECT\Re Build\dlc.cpk_unpacked\data\spc\dtkkbod1.xfbin, \data\spc\dtkkbod1.xfbin, 411, Uncompress
I:\NARUTO PROJECT\Re Build\dlc.cpk_unpacked\data\spc\dtmmbod1.xfbin, \data\spc\dtmmbod1.xfbin, 412, Uncompress
I:\NARUTO PROJECT\Re Build\dlc.cpk_unpacked\data\spc\dtnmbod1.xfbin, \data\spc\dtnmbod1.xfbin, 413, Uncompress
I:\NARUTO PROJECT\Re Build\dlc.cpk_unpacked\data\spc\dtnsbod1.xfbin, \data\spc\dtnsbod1.xfbin, 414, Uncompress
I:\NARUTO PROJECT\Re Build\dlc.cpk_unpacked\data\spc\dymaacc1.xfbin, \data\spc\dymaacc1.xfbin, 415, Uncompress
I:\NARUTO PROJECT\Re Build\dlc.cpk_unpacked\data\spc\dymabod1.xfbin, \data\spc\dymabod1.xfbin, 416, Uncompress
I:\NARUTO PROJECT\Re Build\dlc.cpk_unpacked\data\spc\efirbod1.xfbin, \data\spc\efirbod1.xfbin, 417, Uncompress
I:\NARUTO PROJECT\Re Build\dlc.cpk_unpacked\data\spc\ehkgbod1.xfbin, \data\spc\ehkgbod1.xfbin, 418, Uncompress
I:\NARUTO PROJECT\Re Build\dlc.cpk_unpacked\data\spc\esecbod1.xfbin, \data\spc\esecbod1.xfbin, 419, Uncompress
I:\NARUTO PROJECT\Re Build\dlc.cpk_unpacked\data\spc\rfoubod1.xfbin, \data\spc\rfoubod1.xfbin, 420, Uncompress
I:\NARUTO PROJECT\Re Build\dlc.cpk_unpacked\data\spc\rfoxbod1.xfbin, \data\spc\rfoxbod1.xfbin, 421, Uncompress
I:\NARUTO PROJECT\Re Build\dlc.cpk_unpacked\data\spc\rhdnbod1.xfbin, \data\spc\rhdnbod1.xfbin, 422, Uncompress
I:\NARUTO PROJECT\Re Build\dlc.cpk_unpacked\data\spc\rhrzbod1.xfbin, \data\spc\rhrzbod1.xfbin, 423, Uncompress
I:\NARUTO PROJECT\Re Build\dlc.cpk_unpacked\data\spc\rmddbod1.xfbin, \data\spc\rmddbod1.xfbin, 424, Uncompress
I:\NARUTO PROJECT\Re Build\dlc.cpk_unpacked\data\spc\rmdrbod1.xfbin, \data\spc\rmdrbod1.xfbin, 425, Uncompress
I:\NARUTO PROJECT\Re Build\dlc.cpk_unpacked\data\spc\rmfnbod1.xfbin, \data\spc\rmfnbod1.xfbin, 426, Uncompress
I:\NARUTO PROJECT\Re Build\dlc.cpk_unpacked\data\spc\rngtbod1.xfbin, \data\spc\rngtbod1.xfbin, 427, Uncompress
I:\NARUTO PROJECT\Re Build\dlc.cpk_unpacked\data\spc\rsmrbod1.xfbin, \data\spc\rsmrbod1.xfbin, 428, Uncompress
